使用公司,换电柜品牌,换电站点,电柜id,电柜仓数,经度,纬度,电费单价,用电度数,总电费,单仓换电次数,电柜等级
成都锂享,盾创,观玺台站1号柜,DC7210810LH23122811,10,103.973816,30.678812,1.2,1972.2,2366.64,3.04,中高
成都锂享,盾创,龙湖天街8090车行1号柜,DC7210810LH24010878,10,103.992648,30.649648,1.2,2721.7,3266.04,4.87,高
成都锂享,盾创,瑞联路台铃电动车1号柜,DC7210810LH23122814,10,103.998522,30.66645,1,1421.5,1421.5,2.42,中
成都锂享,盾创,九里堤南路台铃电动车1号柜,DC7210810LH23122824,10,104.057284,30.688512,1,611.2,611.2,1.1,中低
成都锂享,盾创,二环路西二段249号哈啰电动车1号柜,DC7210810LH23122826,10,104.029079,30.6812,1.2,1188.6,1426.32,1.57,中低
成都锂享,盾创,金牛区洞子口九号电动车1号柜,DC7210810LH23122821,10,104.058472,30.720909,1.2,1705.5,2046.6,2.8,中
成都锂享,盾创,新都天海商业广场站1号柜,DC7210810LH23122828,10,104.123353,30.767748,1,477.1,477.1,0.93,中低
成都锂享,盾创,新鸿路小漆电动车1号柜,DC7210810LH23122813,10,104.103869,30.661761,1,1033.8,1033.8,1.7,中低
成都锂享,盾创,成都锦城万达站1号柜,DC7210810LH24010879,10,104.060551,30.576037,1.2,2956.9,3548.28,5.22,特高
成都锂享,盾创,郫都玉骑铃1号柜,DC7210810LH23122822,10,103.939429,30.775831,1,724,724,0.88,中低
成都锂享,盾创,锦江区银木街525号乐行电车1号柜,DC7210810LH23122818,10,104.153109,30.598265,1.2,3714.7,4457.64,6.39,特高
成都锂享,盾创,高新中和优丞电动车1号柜,DC7210810LH23122815,10,104.074064,30.507475,1,1477,1477,2.87,中
成都锂享,盾创,熊猫基地开开小店1号柜,DC7210805LH24010834,5,104.1401,30.729777,1.2,440.4,528.48,1.34,中低
成都锂享,盾创,郫都星光大道换电站1号柜,DC7210810LH23122827,10,103.886004,30.806601,1.2,2289,2746.8,5.14,特高
成都锂享,盾创,二环路东三段成都电摩城市展厅1号柜,DC7210810LH23122823,10,104.109883,30.643602,1,154,154,0.7,中低
成都锂享,盾创,悦和二街博驰电动1号柜,DC7210810LH23122830,10,104.077835,30.506398,1,928,928,1.89,中低
成都锂享,盾创,双流万达换电站1号柜,DC7210810LH23122812,10,103.926654,30.594704,1,2911.1,2911.1,4.5,高
成都锂享,盾创,二环东五段雅迪电动车1号柜,DC7210810LH23122817,10,104.093882,30.62126,1,1816.2,1816.2,2.83,中
成都锂享,盾创,金牛区陆家四组小张电动车维修1号柜,DC7210810LH23122819,10,104.059993,30.744274,1,548.4,548.4,0.96,中低
成都锂享,盾创,青白江华金大道二段418号站1号柜,DC7210810LH24010877,10,104.254802,30.883207,1,2174.8,2174.8,3.32,中高
成都锂享,盾创,三河场江陵半岛站1号柜,DC7210810LH24010875,10,104.138899,30.783179,1,1116.6,1116.6,2.04,中
成都锂享,盾创,双荆路8号赛鸽1号柜,DC7210810LH23122816,10,104.09314,30.711412,1,1427.3,1427.3,2.19,中
成都锂享,盾创,郫都区和心路25号站1号柜,DC7210810LH24010876,10,103.979334,30.735223,1,646.8,646.8,1.02,中低
成都锂享,盾创,花照壁上横街469号站1号柜,DC7210810LH23122829,10,104.031906,30.706893,1,1040.2,1040.2,1.75,中低
成都锂享,盾创,杨柳东路五星钻豹1号柜,DC7210810LH24010881,10,103.830198,30.688236,1,803.2,803.2,1.06,中低
成都锂享,盾创,柳河南路天能电池1号柜,DC7210810LH24010887,10,103.833694,30.686985,1,461.5,461.5,0.76,中低
成都锂享,盾创,南熏大道三段雅迪1号柜,DC7210810LH24040793,10,103.828036,30.681961,1.2,2532.3,3038.76,4.54,高
成都锂享,盾创,金马四海街安尔达,DC7210810LH24010897,10,103.805047,30.641369,1.2,1540.5,1848.6,2.74,中
成都锂享,盾创,樱花街九号电动车1号柜,DC7210810LH24010880,10,104.148554,30.607034,1,1142.2,1142.2,2.13,中
成都锂享,盾创,惠王陵东路倍特1号柜,DC7210805LH24010832,5,104.158434,30.615341,1,887.2,887.2,2.9,中
成都锂享,盾创,万科路257号雅迪1号柜,DC7210810LH24010890,10,104.15976,30.624124,1.2,2571.2,3085.44,4.34,高
成都锂享,盾创,龙桥小区雅迪1号柜,DC7210810LH24010891,10,103.944889,30.595559,1.3,1740.1,2262.13,3.44,中高
成都锂享,盾创,郫都区犀浦龙吟路120号换电站1号柜,DC7210810LH24010894,10,103.983481,30.748541,1.2,1561.8,1874.16,3.1,中高
成都锂享,盾创,华阳大道九号电动车1号柜,DC7210810LH24010898,10,104.0483,30.511749,1,2483,2483,3.95,中高
成都锂享,盾创,东华门街35号站1号柜,DC7210810LH24010893,10,104.068915,30.662458,1.2,627.1,752.52,0.81,中低
成都锂享,盾创,内姜街70号站1号柜,DC7210810LH24010882,10,104.076177,30.664355,1.2,1993.6,2392.32,3.57,中高
成都锂享,盾创,金牛区茶店子西街九号电动车1号柜,DC7210810LH24010892,10,104.024415,30.700822,1,1485.9,1485.9,2.31,中
成都锂享,盾创,龙泉卧龙街222号小牛电动车1号柜,DC7210810LH24010895,10,104.260699,30.565794,1.2,1451.6,1741.92,2.56,中
成都锂享,盾创,解放路一段超换站1号柜,DC7210810LH24010888,10,104.085695,30.686981,1,1709,1709,3.31,中高
成都锂享,盾创,郫都梨园路新日1号柜,DC7210805LH24010831,5,103.87118,30.823116,1.2,1061.4,1273.68,3.65,中高
成都锂享,盾创,温江五福路139号站1号柜,DC7210810LH24010926,10,103.87098,30.670097,1.2,1235.1,1482.12,2.21,中
成都锂享,盾创,双流伏龙小区享换电1号柜,DC7210810LH24010889,10,104.055832,30.531697,1,1890.5,1890.5,3.37,中高
成都锂享,盾创,珍宝琥珀众优达电动车1号柜,DC7210810LH24010915,10,103.887631,30.671004,1.2,622.3,746.76,1.06,中低
成都锂享,盾创,新都区静安路137号站1号柜,DC7210810LH24010911,10,104.181128,30.815498,1,1472,1472,2.75,中
成都锂享,盾创,新都区吉吉充电站1号柜,DC7210810LH24010924,10,104.16406,30.822426,1,1043.9,1043.9,1.65,中低
成都锂享,盾创,温江战备渠北路乐行电车1号柜,DC7210810LH24010906,10,103.831297,30.71027,1,994.9,994.9,1.7,中低
成都锂享,盾创,温江区长安路唐师修车店1号柜,DC7210810LH24010928,10,103.849177,30.700335,1.2,1714.2,2057.04,3.2,中高
成都锂享,盾创,安靖正义路998-7号换电站1号柜,DC7210810LH24010908,10,104.037725,30.744461,1.2,511.1,613.32,0.62,中低
成都锂享,盾创,大丰小陈车行1号柜,DC7210810LH24010905,10,104.070406,30.75189,1,1098.4,1098.4,1.83,中低
成都锂享,盾创,百草路晨风社区乐达电车1号柜,DC7210810LH24010929,10,103.973174,30.738684,1.2,1065.1,1278.12,1.8,中低
成都锂享,盾创,龙泉驿区车城西五路45号1号柜,DC7210810LH24010922,10,104.170765,30.571067,1,1287.2,1287.2,2.03,中
成都锂享,盾创,大邑富民路北段五羊三轮车1号柜,DC7210810LH24010916,10,103.53034,30.588227,1.2,259,310.8,0.6,中低
成都锂享,盾创,银沙正街即时行车行1号柜,DC7210810LH24010912,10,104.043769,30.695914,1.2,851.9,1022.28,1.52,中低
成都锂享,盾创,双流古城南苑天能电池1号柜,DC7210810LH24010907,10,104.062917,30.494533,1,2888.7,2888.7,5.23,特高
成都锂享,盾创,星河路27号飞哥车行1号柜,DC7210810LH24010921,10,104.04309,30.707697,1,1328.8,1328.8,2.34,中
成都锂享,盾创,科华中路117号站1号柜,DC7210810LH24010884,10,104.07788,30.617968,1.2,1982.3,2378.76,3.82,中高
成都锂享,盾创,八里桥九号电动车1号柜,DC7210810LH24010910,10,104.076532,30.704828,1,899.1,899.1,1.46,中低
成都锂享,盾创,龙光君悦华庭小儿推拿馆,DC7210810LH24010883,10,103.881947,30.793915,1,3086.5,3086.5,6.18,特高
成都锂享,盾创,双流紫东阁七怡车行1号柜,DC7210810LH24010918,10,103.930614,30.577718,1.1,1544.3,1698.73,2.66,中
成都锂享,盾创,双流白衣下街68号站1号柜,DC7210810LH24010913,10,103.914558,30.576712,1,1870.8,1870.8,3.23,中高
成都锂享,盾创,双流藏卫路童师车行1号柜,DC7210810LH24010909,10,103.919263,30.563013,1,2012.2,2012.2,4.01,高
成都锂享,盾创,大源南二街九号电动车1号柜,DC7210810LH24010925,10,104.035022,30.553137,1.2,1916.2,2299.44,3.02,中高
成都锂享,盾创,双流区公济桥路113号站1号柜,DC7210810LH24010923,10,104.087874,30.561042,1,709.8,709.8,1.41,中低
成都锂享,盾创,新都靠得住电动车1号柜,DC7210810LH24010917,10,104.171927,30.812955,1.2,982.3,1178.76,1.87,中低
成都锂享,盾创,郫都玉龙七巷太阳车行1号柜,DC7210810LH24010927,10,103.960067,30.75231,1.2,2510.3,3012.36,4.26,高
成都锂享,盾创,龙泉驿乐毅车行1号柜,DC7210810LH24010920,10,104.241642,30.566669,1.2,2796.8,3356.16,4.99,高
成都锂享,盾创,崔家店横一街电动车经营部1号柜,DC7210810LH24010914,10,104.130844,30.662866,1,1387.9,1387.9,2.14,中
成都锂享,盾创,万兴街6号超威电池1号柜,DC7210810LH24010919,10,104.121663,30.652518,1.2,1133.4,1360.08,2.17,中
成都锂享,盾创,营康西路换电站1号柜,DC7210805LH24010829,5,104.033574,30.68764,1.2,665.8,798.96,2.25,中
成都锂享,盾创,武侯大道双楠雅迪1号柜,DC7210810LH23122820,10,104.020105,30.640491,1,1384.4,1384.4,2.37,中
成都锂享,盾创,青白江步行街站1号柜,DC7210805LH24010847,5,104.268064,30.87674,1,153.8,153.8,0.54,中低
成都锂享,盾创,玉林南路向日车服1号柜,DC7210805LH24010830,5,104.057789,30.621911,1.2,1379.5,1655.4,4.38,高
成都锂享,盾创,洗面桥东一街向日车服1号柜,DC7210805LH24010846,5,104.056362,30.637967,1.2,786.2,943.44,2.75,中
成都锂享,盾创,四美科技（22点后不能换电）,DC7210805LH24010848,5,103.934791,30.806029,1.2,276.5,331.8,0.89,中低
成都锂享,盾创,西林四街阿杰车业1号柜,DC7210810LH24012702,10,104.104162,30.698419,1,1058.6,1058.6,1.97,中低
成都锂享,盾创,向日车服踏水北路店1号柜,DC7210810LH24012732,10,104.105944,30.676944,1.2,2597.3,3116.76,4.36,高
成都锂享,盾创,新都区正因南街东7巷19号骑手驿站1号柜,DC7210810LH24012741,10,104.189033,30.823907,1,1875.6,1875.6,2.99,中
成都锂享,盾创,锦江区红布正街11号站1号柜,DC7210810LH24012704,10,104.082908,30.649395,1.2,2478.2,2973.84,4.3,高
成都锂享,盾创,向日车服新南路店1号柜,DC7210810LH24012710,10,104.075404,30.64127,1.2,1308.1,1569.72,2.43,中
成都锂享,盾创,向日车服金陵横路换电站1号柜,DC7210810LH24012716,10,104.064326,30.635231,1.2,1321.1,1585.32,2.18,中
成都锂享,盾创,向日车服石人西路店1号柜,DC7210810LH24012730,10,104.026842,30.675396,1.2,752.9,903.48,1.63,中低
成都锂享,盾创,同心路142号天能电池1号柜,DC7210810LH24012717,10,104.056929,30.67715,1.2,940.8,1128.96,1.86,中低
成都锂享,盾创,一环路西三段换电站1号柜,DC7210810LH24012709,10,104.042996,30.678669,1,720.8,720.8,1.31,中低
成都锂享,盾创,光华大道心灵家园站1号柜,DC7210810LH24012712,10,103.969714,30.669333,1,984.3,984.3,2.04,中
成都锂享,盾创,国槐街天能电池1号柜,DC7210810LH24012743,10,104.12561,30.605297,1.2,1717.4,2060.88,2.71,中
成都锂享,盾创,天鹅西湖南路448号换电站1号柜,DC7210810LH24012729,10,104.187907,30.574292,1.2,3081.8,3698.16,4.74,高
成都锂享,盾创,双流仁和路九号电动车1号柜,DC7210810LH24012708,10,104.092989,30.561673,1,845.3,845.3,1.36,中低
成都锂享,盾创,万顺路二段60号站1号柜,DC7210810LH24012742,10,104.017673,30.493272,1.2,1194.7,1433.64,1.81,中低
成都锂享,盾创,华阳小何电动车1号柜,DC7210810LH24012707,10,104.055584,30.517379,1,930.2,930.2,1.21,中低
成都锂享,盾创,华阳一品车行1号柜,DC7210810LH24012719,10,104.056748,30.51608,1.2,879.4,1055.28,1.85,中低
成都锂享,盾创,大源南二街向日车服1号柜,DC7210810LH24012718,10,104.030864,30.553446,1.2,883.8,1060.56,1.54,中低
成都锂享,盾创,福锦路超威电池1号柜,DC7210810LH24012731,10,103.994365,30.610597,1,985.6,985.6,1.37,中低
成都锂享,盾创,紫竹西街闪电车服1号柜,DC7210810LH24012720,10,104.053438,30.616303,1.2,2044.4,2453.28,3.36,中高
成都锂享,盾创,新都区哈啰电动车马超店1号柜,DC7210810LH24012705,10,104.165353,30.810079,1.1,540.3,594.33,1.16,中低
成都锂享,盾创,新都区江合电动车1号柜,DC7210810LH24012728,10,104.164256,30.811916,1,1622.9,1622.9,2.99,中
成都锂享,盾创,京东彭州,DC7210810LH24012715,10,103.902363,31.004282,0.8,1048,838.4,2.35,中
成都锂享,盾创,崇州市江源中路王师车行1号柜,DC7210810LH24012703,10,103.691426,30.630124,1,535.6,535.6,0.72,中低
成都锂享,盾创,温江南熏九号售后站1号柜,DC7210810LH24012701,10,103.840723,30.692023,1.2,1167.7,1401.24,1.64,中低
成都锂享,盾创,郫都中信大道好亿购超市1号柜,DC7210810LH24012721,10,103.89493,30.784487,1,2679.6,2679.6,4.99,高
成都锂享,盾创,郫都区成灌东路雅迪1号柜,DC7210810LH24012711,10,103.894608,30.812844,1,855,855,1.6,中低
成都锂享,盾创,红光大道台铃电动车1号柜,DC7210810LH24012713,10,103.939127,30.775367,1.2,970.3,1164.36,1.49,中低
成都锂享,盾创,金堂县文化街270号站1号柜,DC7210810LH24012706,10,104.438179,30.851764,1,1974.4,1974.4,3.59,中高
成都锂享,盾创,双流菁蓉北二街215号站1号柜,DC7210810LH24012714,10,104.081912,30.403506,1.2,1635.4,1962.48,3.58,中高
成都锂享,盾创,向日车服龙舟路口店1号柜,DC7210810LH24012744,10,104.100056,30.626804,1,1476.8,1476.8,2.43,中
成都锂享,盾创,新津儒林路哈啰电动车1号柜,DC7210810LH24012723,10,103.80203,30.415814,1,2196.9,2196.9,3.44,中高
成都锂享,盾创,双流区黄甲大道雅迪1号柜,DC7210810LH24012740,10,103.951029,30.493713,1,970.3,970.3,1.33,中低
成都锂享,盾创,一环路南四段天忝租电动车1号柜,DC7210810LH24012725,10,104.049256,30.635699,1.2,1893,2271.6,3.33,中高
成都锂享,盾创,高升桥安尔达电动车1号柜,DC7210810LH24012750,10,104.032468,30.635357,1.2,1492.8,1791.36,2.17,中
成都锂享,盾创,武阳大道258号精诚电摩1号柜,DC7210810LH24012727,10,104.011397,30.639477,1.2,920.1,1104.12,1.08,中低
成都锂享,盾创,簇桥九号仓库1号柜,DC7210810LH24012738,10,103.973499,30.607285,1.2,944.3,1133.16,1.21,中低
成都锂享,盾创,西航港锦华路雅迪电动车1号柜,DC7210810LH24012747,10,103.98578,30.573173,1.2,2565,3078,4.48,高
成都锂享,盾创,航空港泰山路雅迪电动车1号柜,DC7210810LH24012722,10,103.999404,30.567346,1.2,1640.6,1968.72,3.09,中高
成都锂享,盾创,新街里众电电动车,DC7210810LH24012739,10,104.057141,30.589213,1.2,4244.1,5092.92,7.44,特高
成都锂享,盾创,东紫路499号附113号超换站1号柜,DC7210810LH24012745,10,104.109029,30.712209,1.2,2177.7,2613.24,3.76,中高
成都锂享,盾创,龙潭寺龙港路超威电池1号柜,DC7210810LH24012724,10,104.185549,30.699697,1.2,1384.9,1661.88,2.81,中
成都锂享,盾创,十陵平安家园90车行1号柜,DC7210810LH24012734,10,104.169461,30.661963,1.3,1813.4,2357.42,3.12,中高
成都锂享,盾创,同安丽阳社区水杉路站1号柜,DC7210810LH24012735,10,104.309961,30.620544,1,667.1,667.1,0.83,中低
成都锂享,盾创,简阳市五友路三段69号1号柜,DC7210810LH24012733,10,104.552508,30.391182,1.2,617.9,741.48,0.69,中低
成都锂享,盾创,驷马桥街268号超威电池1号柜,DC7210810LH24012737,10,104.094429,30.699051,1.2,1548.2,1857.84,2.55,中
成都锂享,盾创,黄金路270号雅迪电动车1号柜,DC7210810LH24012736,10,103.991286,30.708584,1.35,1421.3,1918.755,2.33,中
成都锂享,盾创,温江鱼凫桥南街换电站1号柜,DC7210810LH24012746,10,103.839363,30.756492,1.2,737.2,884.64,1.19,中低
成都锂享,盾创,郫都区合作路89号换电站1号柜,DC7210810LH24012748,10,103.919452,30.755447,1.2,1804.1,2164.92,3.78,中高
成都锂享,盾创,金牛区交大路210号1号柜,DC7210810LH23122825,10,104.040415,30.706643,1.2,1308.8,1570.56,2.49,中
成都锂享,盾创,金牛区交大路20号天能电池1号柜,DC7210805LH24010840,5,104.047993,30.695026,1.2,389.4,467.28,1.65,中低
成都锂享,盾创,石羊场倍特电动车1号柜,DC7210810LH24012749,10,104.033586,30.579916,1.2,2668.6,3202.32,6,特高
成都锂享,盾创,西体路7号换电站1号柜,DC7210805LH24010849,5,104.058268,30.680041,1.2,490.9,589.08,1.51,中低
成都锂享,盾创,双流华文巷聚能租车1号柜,DC7210805LH24010845,5,104.051844,30.50973,1.2,674.1,808.92,3.48,中高
成都锂享,盾创,新津区希望路119号开森超市1号柜,DC7210805LH24010828,5,103.811619,30.426388,1.2,999.9,1199.88,3.43,中高
成都锂享,盾创,新都泰兴五星钻豹1号柜,DC7210810LH24012796,10,104.234778,30.787737,1,1189.4,1189.4,1.76,中低
成都锂享,盾创,蜀光路14号天能电池1号柜,DC7210810LH24012768,10,104.019307,30.69467,1.2,1532.5,1839,2.63,中
成都锂享,盾创,营门口路309号奇蕾电动车1号柜,DC7210810LH24012765,10,104.039689,30.688615,1.1,1743.2,1917.52,3.14,中高
成都锂享,盾创,天府五街664号玫瑰之约1号柜,DC7210810LH24012771,10,104.059193,30.538219,1,2586.5,2586.5,4.93,高
成都锂享,盾创,龙泉新建路118号2栋附106号（雅迪旁）,DC7210810LH24012766,10,104.185372,30.576186,1,1817.7,1817.7,2.85,中
成都锂享,盾创,金科北路23号爱玛电动车1号柜,DC7210810LH24012797,10,104.0039,30.720479,1.2,1625.9,1951.08,2.99,中
成都锂享,盾创,红牌楼二街91号换电服务站1号柜,DC7210810LH24012772,10,104.020749,30.634307,1,2190.1,2190.1,3.58,中高
成都锂享,盾创,诗锦路36号升伟车行1号柜,DC7210810LH24012799,10,104.006421,30.615655,1.2,375.5,450.6,0.55,中低
成都锂享,盾创,兆景路395号华宇静苑1号柜,DC7210810LH24012798,10,103.997709,30.625704,1.2,900.5,1080.6,1.36,中低
成都锂享,盾创,武青东四路雅迪电动车1号柜,DC7210810LH24012794,10,103.989952,30.640282,1.2,1280,1536,1.85,中低
成都锂享,盾创,草金路北段雅迪电动车1号柜,DC7210810LH24012764,10,103.95727,30.638154,1.2,918,1101.6,1.65,中低
成都锂享,盾创,武侯区同源街793号驿站1号柜,DC7210810LH24012800,10,104.03273,30.544398,1.2,2229.7,2675.64,4,中高
成都锂享,盾创,通宝街219号环球蔚然公寓停车场入口站点,DC7210810LH24012762,10,104.109081,30.634054,1.2,1347.4,1616.88,2.48,中
成都锂享,盾创,新都区育英路838号站1号柜,DC7210810LH24012770,10,104.186671,30.815436,1,1715.6,1715.6,3.05,中高
成都锂享,盾创,交子大道500号誉峰里2号柜,DC7210810LH24012793,10,104.050774,30.583019,1.2,1870.7,2244.84,3.35,中高
成都锂享,盾创,天和路9号附29号黑骑士1号柜,DC7210810LH24012767,10,104.072542,30.598563,1.2,2916.8,3500.16,4.29,高
成都锂享,盾创,建设南路50号蕾蕾车行1号柜,DC7210810LH24012769,10,104.120099,30.670897,1.2,1471.8,1766.16,2.71,中
成都锂享,盾创,成华区新风巷82号哈喽换电站1号柜,DC7210810LH24012763,10,104.110249,30.688701,1.2,932.7,1119.24,1.54,中低
成都锂享,盾创,建设北路三段友全电动车业1号柜,DC7210810LH24012751,10,104.121026,30.679776,1,1620.5,1620.5,2.83,中
成都锂享,盾创,成华区奥园九号电动车1号柜,DC7210810LH24012780,10,104.136725,30.658701,1.2,1566,1879.2,2.88,中
成都锂享,盾创,万年路191-195号雅迪电动车1号柜,DC7210810LH24012773,10,104.120145,30.655651,1.1,1247.2,1371.92,2.25,中
成都锂享,盾创,电信路28号傲仕门1号柜,DC7210810LH24012783,10,104.059876,30.637763,1.2,799.3,959.16,1.11,中低
成都锂享,盾创,温江柳浪湾柳南一路8号黑骑士1号柜,DC7210810LH24012758,10,103.830745,30.684654,1,1170.3,1170.3,1.91,中低
成都锂享,盾创,一环路西三段驰骋骏车行1号柜,DC7210810LH24012760,10,104.040628,30.671659,1.2,571.4,685.68,0.98,中低
成都锂享,盾创,一环路北二段34-10号1号柜,DC7210810LH24012757,10,104.068566,30.685795,1,1493,1493,2.69,中
成都锂享,盾创,解放路75号九号电动车1号柜,DC7210810LH24012774,10,104.087389,30.688452,1,279.5,279.5,0.33,中低
成都锂享,盾创,一环路东二段雅迪电动车1号柜,DC7210810LH24012779,10,104.102131,30.663415,1,1887.4,1887.4,3.1,中高
成都锂享,盾创,二环路南四段16-28号驰骋骏车行1号柜,DC7210810LH24012782,10,104.0404,30.628438,1.2,898.6,1078.32,1.35,中低
成都锂享,盾创,大源南二街75号九号电动车1号柜,DC7210810LH24012752,10,104.031229,30.553082,1,425.9,425.9,0.92,中低
成都锂享,盾创,武侯区汇锦广场换电站1号柜,DC7210810LH24012784,10,104.054318,30.556265,1.2,1296.4,1555.68,2.35,中
成都锂享,盾创,三利宅院一期侧门换电站1号柜,DC7210810LH24012775,10,104.082363,30.543806,1.2,975.2,1170.24,1.69,中低
成都锂享,盾创,双流区锦韵路九号电动车1号柜,DC7210810LH24012792,10,104.078544,30.535497,1,1637.5,1637.5,2.65,中
成都锂享,盾创,双流区川大路三段266号文星花园2号柜,DC7210810LH24012788,10,103.984776,30.550599,1,506.1,607.32,0.12,中低
成都锂享,盾创,双流航港路九号电动车1号柜,DC7210810LH24012756,10,103.923446,30.59796,1,3030.1,3030.1,5.99,特高
成都锂享,盾创,光华大道东四路78号站1号柜,DC7210810LH24012789,10,103.960416,30.668359,1.2,3606.3,4327.56,6.79,特高
成都锂享,盾创,大丰九号电动车1号柜,DC7210810LH24012786,10,104.063852,30.760719,1.2,829.4,995.28,1.34,中低
成都锂享,盾创,蓉都大道北一段军军车行1号柜,DC7210810LH24012790,10,104.172431,30.825933,1,1958.9,1958.9,3.14,中高
成都锂享,盾创,龙潭寺龙树西一路2号站1号柜,DC7210810LH24012759,10,104.161601,30.703845,1,2124.8,2124.8,3.75,中高
成都锂享,盾创,龙泉驿区北街154号九号电动车1号柜,DC7210810LH24012791,10,104.23287,30.655657,1.2,1003.4,1204.08,1.72,中低
成都锂享,盾创,龙泉驿区文景街37号换电站1号柜,DC7210810LH24012753,10,104.275186,30.56789,1.2,3158.2,3789.84,5.66,特高
成都锂享,盾创,神仙树北路9-8号九号电动车1号柜,DC7210805LH24010844,5,104.049804,30.621262,1.2,1176.4,1411.68,3.78,中高
成都锂享,盾创,人民南路四段49号人南壹号1号柜,DC7210810LH24012761,10,104.06848,30.614277,1.2,2244.6,2693.52,3.68,中高
成都锂享,盾创,金堂县三江路29号换电站1号柜,DC7210810LH24012781,10,104.441212,30.857888,1,962.8,962.8,1.45,中低
成都锂享,盾创,双流区祥鹤二街132号台铃1号柜,DC7210810LH24012787,10,104.035066,30.480872,1,1875.2,1875.2,2.86,中
成都锂享,盾创,温江学府路北段海科名城东门1号柜,DC7210810LH24012785,10,103.816976,30.67847,1.2,2106,2527.2,3.77,中高
成都锂享,盾创,崇州市兴安中路6-10号1号柜,DC7210810LH24012778,10,103.693418,30.606417,1,356.4,356.4,0.46,中低
成都锂享,盾创,崇州九龙路九号电动车1号柜,DC7210810LH24012776,10,103.691775,30.639118,1,131.1,131.1,0.34,中低
成都锂享,盾创,保利叶语爱玛电动车1号柜,DC7210810LH24012755,10,104.022258,30.492263,1.2,2267.9,2721.48,3.99,中高
成都锂享,盾创,金花社区驿站1号柜,DC7210810LH24012754,10,103.968707,30.605993,1,439.9,439.9,1.15,中低
成都锂享,盾创,草堂北支路3号附15号换电站1号柜,DC7210805LH24010842,5,104.028228,30.665743,1.1,511,562.1,1.98,中低
成都锂享,盾创,双流九江第五城天能电池1号柜,DC7210810LH24012795,10,103.930987,30.628558,1,630.3,630.3,1.08,中低
成都锂享,盾创,锦华路三段小刀电动车1号柜,DC7210810LH24040717,10,104.096421,30.593551,1.1,2412.8,2654.08,3.73,中高
成都锂享,盾创,首驱电动车建设北路店1号柜,DC7210810LH24040718,10,104.112031,30.676091,1.2,1850.8,2220.96,3.14,中高
成都锂享,盾创,成都解放路ZEEHO极核电动1号柜,DC7210810LH24040722,10,104.086327,30.686879,1,431,431,0.79,中低
成都锂享,盾创,三河街道东江路21号超威电池1号柜,DC7210810LH24040721,10,104.147939,30.782079,1,1319.2,1319.2,2.59,中
成都锂享,盾创,新都区南丰大道215号1号柜,DC7210810LH24040712,10,104.064419,30.748018,1,831.7,831.7,1.21,中低
成都锂享,盾创,站北路113号超威电池1号柜,DC7210810LH24040729,10,104.0754,30.702545,1,1178.2,1178.2,1.72,中低
成都锂享,盾创,双桥路南二街18号换电站1号柜,DC7210810LH24040715,10,104.110558,30.646717,1.2,989,1186.8,1.1,中低
成都锂享,盾创,水碾河39号爱玛1号柜,DC7210810LH24040726,10,104.097576,30.649482,1.2,2617.1,3140.52,4.35,高
成都锂享,盾创,二仙桥东路九号电动车站1号柜,DC7210810LH24040730,10,104.130662,30.677073,1.2,1320.7,1584.84,2.44,中
成都锂享,盾创,都江堰岷江路151号堰工食堂站点1号柜,DC7210810LH24040705,10,103.64678,30.980755,1.2,287.2,344.64,0.47,中低
成都锂享,盾创,温江南熏大道二段828号1号柜,DC7210810LH24040703,10,103.837579,30.683982,1.2,1449.8,1739.76,2.27,中
成都锂享,盾创,东华正街43号雅迪电动车1号柜,DC7210810LH24040709,10,104.069826,30.660017,1.2,1202.4,1442.88,2.44,中
成都锂享,盾创,二环路西一段72号骑行家租车1号柜,DC7210810LH24040710,10,104.028349,30.63948,1.2,1203.7,1444.44,1.83,中低
成都锂享,盾创,武侯大道顺江段27号站1号柜,DC7210810LH24040701,10,104.000866,30.63118,1.1,1401.9,1542.09,2.23,中
成都锂享,盾创,临港路四段88号文林车行1号柜,DC7210810LH24040714,10,104.005325,30.572121,1.2,3027.9,3633.48,5.4,特高
成都锂享,盾创,东林寺南巷环宇租车1号柜,DC7210810LH24040719,10,104.083994,30.492316,1,354.4,354.4,0.7,中低
成都锂享,盾创,利民一街59号向日车服1号柜,DC7210810LH24040704,10,104.066307,30.507156,1.2,821.9,986.28,1.59,中低
成都锂享,盾创,伏龙西街2号台铃电动车1号柜,DC7210810LH24040706,10,104.053867,30.533714,1,2509.6,2509.6,4.85,高
成都锂享,盾创,龙泉北泉路309号阿金车行1号柜,DC7210810LH24040707,10,104.25117,30.567771,1.1,469.6,516.56,0.62,中低
成都锂享,盾创,龙泉驿区锦绣路176号换电站1号柜,DC7210810LH24040716,10,104.308072,30.603468,1.2,2329.2,2795.04,4.09,高
成都锂享,盾创,隆兴路4-35号罗师修车1号柜,DC7210810LH24040702,10,104.168766,30.70349,1.2,2878.9,3454.68,5.16,特高
成都锂享,盾创,新都区繁清路91号站1号柜,DC7210810LH24040713,10,104.012516,30.874036,1,1895.5,1895.5,3.31,中高
成都锂享,盾创,二环路北三段boss电驱1号柜,DC7210810LH24040724,10,104.083162,30.694339,1,1301.9,1301.9,2.08,中
成都锂享,盾创,红光路92-96号九号电动车1号柜,DC7210810LH24040725,10,103.940463,30.776985,1.2,492.7,591.24,1.08,中低
成都锂享,盾创,温江区都堂路304号台铃电动车1号柜,DC7210810LH24040720,10,103.885848,30.689338,1.2,1636.4,1963.68,2.49,中
成都锂享,盾创,双流区隆丰街366号附101号站1号柜,DC7210810LH24040708,10,104.088932,30.441955,1,2557,2557,4.56,高
成都锂享,盾创,武侯区盛益街复城国际南门外换电站1号柜,DC7210810LH24040754,10,104.055091,30.548928,,,,2.68,中
成都锂享,盾创,府城大道中段88号溪友驿站1号柜,DC7210810LH24040757,10,104.064347,30.59041,1,3102.7,3102.7,5.47,特高
成都锂享,盾创,新乐路315号雅迪电动车1号柜,DC7210810LH24040734,10,104.036867,30.607822,1.2,3321.1,3985.32,5.43,特高
成都锂享,盾创,二环路南三段小周电动车1号柜,DC7210810LH24040731,10,104.054458,30.621695,1.2,1030.7,1236.84,1.42,中低
成都锂享,盾创,斌升街3号换电站,DC7210810LH24040732,10,104.060213,30.661268,1.1,938.2,1032.02,1.84,中低
成都锂享,盾创,十二桥路20号附1号向日车服1号柜,DC7210810LH24040755,10,104.044163,30.664073,1.2,857.4,1028.88,1.64,中低
成都锂享,盾创,一环路北二段102-1号租车行1号柜,DC7210810LH24040758,10,104.062713,30.685801,1.2,497.7,597.24,0.86,中低
成都锂享,盾创,金堂县观岭大道2号超级站1号柜,DC7210810LH24040751,10,104.395533,30.868327,1.2,1781.5,2137.8,2.57,中
成都锂享,盾创,机投东街11号附30号曾师车行1号柜,DC7210810LH24040711,10,103.98376,30.648038,1.1,1348.9,1483.79,2.2,中
成都锂享,盾创,郫都区校园路317号站1号柜,DC7210810LH24040743,10,103.971417,30.76237,1.2,1257.5,1509,2.54,中
成都锂享,盾创,斑竹园宏发路402号好运骑1号柜,DC7210810LH24040737,10,104.084546,30.808113,1,1905.7,1905.7,3.12,中高
成都锂享,盾创,大丰敬成路167号赛鸽1号柜,DC7210810LH24040752,10,104.060505,30.772034,1,2179.4,2179.4,3.88,中高
成都锂享,盾创,吉庆二路463号换电站1号柜,DC7210810LH24040739,10,104.060809,30.558117,1.2,2027.9,2433.48,3.52,中高
成都锂享,盾创,双福三路超级充电站1号柜,DC7210810LH24040756,10,104.120837,30.648816,1.2,1183.3,1419.96,2.15,中
成都锂享,盾创,白衣下街周师电动车1号柜,DC7210810LH24040762,10,103.914628,30.576416,1.2,2130,2556,3.5,中高
成都锂享,盾创,贝森路403号倍特电动车1号柜,DC7210810LH24040760,10,103.989306,30.670913,1.2,2114.4,2537.28,3.46,中高
成都锂享,盾创,一环路北四段207号聚友迅驰车行1号柜,DC7210810LH24040741,10,104.087107,30.680751,1,1311,1311,2.17,中
成都锂享,盾创,一环路南二段9号雅迪电动车1号柜,DC7210810LH24040750,10,104.072129,30.633731,1.2,1410.3,1692.36,2.48,中
成都锂享,盾创,石羊场路69号站1号柜,DC7210810LH24040746,10,104.040279,30.577197,1.1,2301.3,2531.43,4.58,高
成都锂享,盾创,天府和悦广场A馆楼道换电站1号柜,DC7210810LH24040767,10,104.083304,30.488136,1.2,2197.8,2637.36,4.15,高
成都锂享,盾创,石万路5号长久车行1号柜,DC7210810LH24040768,10,103.922991,30.631265,1,1500.5,1500.5,2.79,中
成都锂享,盾创,龙江路179号换电站1号柜,DC7210810LH24040764,10,104.230684,30.838987,1.2,1043.8,1252.56,1.7,中低
成都锂享,盾创,温江区光华国际充电站1号柜,DC7210810LH24040728,10,103.864764,30.682271,1.1,0,0,0.04,中低
成都锂享,盾创,双流菁蓉北二街215号站2号柜,DC7210810LH24040769,10,104.081945,30.403603,1.2,1672.3,2006.76,2,中低
成都锂享,盾创,安靖正义路73号雅迪1号柜,DC7210810LH24040735,10,104.031915,30.751198,1,580.9,580.9,0.96,中低
成都锂享,盾创,解放路一段204号换电站1号柜,DC7210810LH24040736,10,104.090994,30.694947,1.2,1389.3,1667.16,2.25,中
成都锂享,盾创,双桥路151号附14号九牛车社1号柜,DC7210810LH24040766,10,104.107045,30.650082,1,664.3,664.3,1.3,中低
成都锂享,盾创,双流区花园社区10号修电瓶车店1号柜,DC7210810LH24040759,10,103.886406,30.582218,1,1433.5,1433.5,2.48,中
成都锂享,盾创,新都区工业大道领地悦中心言午车行1号柜,DC7210810LH24040748,10,104.170068,30.801098,1,1500.6,1500.6,2.69,中
成都锂享,盾创,万东北二路九号服务中心1号柜,DC7210810LH24040761,10,104.092676,30.490265,1.2,1345.8,1614.96,1.98,中低
成都锂享,盾创,九里堤南路68号速丰车行1号柜,DC7210810LH24040749,10,104.057284,30.689979,1.2,395,474,0.78,中低
成都锂享,盾创,双流区藏卫路九号电动车1号柜,DC7210810LH24040753,10,103.920577,30.565504,1.2,659.7,791.64,1.27,中低
成都锂享,盾创,郫都区金樽三街151号站,DC7210810LH24040738,10,103.993563,30.726419,1.2,779.1,934.92,1.17,中低
成都锂享,盾创,大观里10号乐骑换电站1号柜,DC7210810LH24040733,10,104.137671,30.61858,1.2,580.1,696.12,1.13,中低
成都锂享,盾创,龙泉驿鲸龙路天辰停车场1号柜,DC7210810LH25010249,10,104.259657,30.54434,1.2,1603.3,1923.96,2.59,中
成都锂享,盾创,双流区蜀州路2591号717车行1号柜,DC7210810LH24040745,10,104.081773,30.439257,1,2966.6,2966.6,4.9,高
成都锂享,盾创,双流区西航港长城路219号站1号柜,DC7210810LH24040763,10,103.987951,30.560873,1,2089.7,2089.7,4.31,高
成都锂享,盾创,青羊区内姜街75号1号柜,DC7210810LH24040765,10,104.07628,30.664673,1.1,1560.9,1716.99,3.03,中高
成都锂享,盾创,广汉市东西大街安尔达换电站1号柜,DC7210810LH24040744,10,104.288437,30.978611,1.2,544.4,653.28,1.2,中低
成都锂享,盾创,双清南路6-21号南门换电站1号柜,DC7210810LH24040770,10,104.01851,30.673016,1.2,1274.9,1529.88,1.95,中低
成都锂享,盾创,邛崃蒲口路花师车行1号柜,DC7210810LH24040747,10,103.46781,30.410591,1,787,787,1.57,中低
成都锂享,盾创,一环路北四段190号山止风行车行1号柜,DC7210810LH24040774,10,104.093505,30.67732,1.2,1807.3,2168.76,3.38,中高
成都锂享,盾创,崇州西前街王师车行1号柜,DC7210810LH24040777,10,103.670675,30.623951,1,628.7,628.7,0.87,中低
成都锂享,盾创,学院街太和水岸北侧小余维修1号柜,DC7210810LH24040783,10,103.981626,30.82826,1.2,1199.4,1439.28,2.35,中
成都锂享,盾创,彭州市爱国小区5栋1号站1号柜,DC7210810LH24040786,10,103.962836,30.985996,1.2,194.4,233.28,0.26,中低
成都锂享,盾创,郫都区望丛西路112号站1号柜,DC7210810LH24040775,10,103.877077,30.811932,1,627.1,627.1,0.37,中低
成都锂享,盾创,郫都何公路1号e换电站1号柜,DC7210810LH24040785,10,103.879427,30.80374,1.2,1124.6,1349.52,2.32,中
成都锂享,盾创,双流区学府路极核电动车1号柜,DC7210810LH24040792,10,103.985552,30.578393,1.2,1519.5,1823.4,2.44,中
成都锂享,盾创,郫都金隆巷141号酷骑车行1号柜,DC7210810LH24040780,10,103.948113,30.78169,1,1649.1,1649.1,3.43,中高
成都锂享,盾创,郫都区江西街十巷9号乐骑电动车1号柜,DC7210810LH24040784,10,103.967621,30.749281,1,2329.9,2329.9,4.23,高
成都锂享,盾创,成都市郫都区校园路东段99号（麦当劳对面）换电站,DC7210810LH24040794,10,103.98936,30.75319,1.2,1847.3,2216.76,3.37,中高
成都锂享,盾创,营门口路210号附1号站1号柜,DC7210810LH24040782,10,104.040703,30.686668,1.2,832.1,998.52,1.19,中低
成都锂享,盾创,郫都区广场路北四段10号台铃1号柜,DC7210810LH24040778,10,103.960446,30.793321,1,1372.2,1372.2,3.02,中高
成都锂享,盾创,青羊区锦里中路12号九号电动车1号柜,DC7210810LH24040772,10,104.056411,30.650077,1.2,1251.4,1501.68,1.94,中低
成都锂享,盾创,锦江区横丁字街33号换电站1号柜,DC7210810LH24040776,10,104.07184,30.65,1.2,1511.3,1813.56,2.73,中
成都锂享,盾创,武侯区科耀巷74号饿了么换电站1号柜,DC7210810LH24040795,10,104.075722,30.631569,1,1976.2,1976.2,3.6,中高
成都锂享,盾创,二环路东四段莲心苑魏师车行,DC7210810LH24040773,10,104.101942,30.630944,1.2,676.4,811.68,1.22,中低
成都锂享,盾创,金牛区金科北路101号站1号柜,DC7210810LH24040798,10,104.005088,30.721385,1,1172.1,1172.1,2.21,中
成都锂享,盾创,双林路17号附2号全顺电驱1号柜,DC7210810LH24040790,10,104.11162,30.652538,1,1208.7,1208.7,2.38,中
成都锂享,盾创,西河北街112号小刀电动车1号柜,DC7210810LH24040799,10,104.233886,30.655352,1.1,1460.9,1606.99,2.14,中
成都锂享,盾创,二仙桥北路10-33号站1号柜,DC7210810LH24040800,10,104.140079,30.677758,1.2,2449.9,2939.88,4,中高
成都锂享,盾创,大观街156号维修电动车1号柜,DC7210810LH24040781,10,104.137144,30.610177,1,723,723,1.04,中低
成都锂享,盾创,龙泉双龙路523号首驱电动体验店1号柜,DC7210810LH24040787,10,104.25775,30.574587,1,1581.7,1581.7,2.56,中
成都锂享,盾创,新都区诚信路199号绿地城台铃1号柜,DC7210810LH24040796,10,104.082979,30.761863,1.2,1986.5,2383.8,2.84,中
成都锂享,盾创,双流区华新下街343号波师电动车1号柜,DC7210805LH24010837,5,104.054817,30.518473,1,916.2,916.2,3.62,中高
成都锂享,盾创,成都市武侯区武侯大道铁佛段256号附9号1号柜,DC7210810LH24040791,10,103.98796,30.600005,1.2,972.2,1166.64,1.51,中低
成都锂享,盾创,果堰街16-49号台铃电动车1号柜,DC7210810LH24040779,10,103.99612,30.638467,1.2,1030.9,1237.08,1.37,中低
成都锂享,盾创,利民二街40号台铃电动车1号柜,DC7210810LH24040742,10,104.066066,30.507561,1.2,1633.2,1959.84,3.26,中高
成都锂享,盾创,吉泰路118号凯旋广场内换电站1号柜,DC7210810LH24040788,10,104.065288,30.54478,1.2,1814.3,2177.16,3.08,中高
成都锂享,盾创,双流区新下街119号电瓶修复中心1号柜,DC7210810LH24040789,10,104.08873,30.553636,1.2,2008,2409.6,3.19,中高
成都锂享,盾创,双流区祥鹤五街356号1号柜,DC7210810LH24040771,10,104.033922,30.47435,1.2,1407.4,1688.88,2.72,中
成都锂享,盾创,金牛区韦家碾三路334号站1号柜,DC7210810LH24040797,10,104.076178,30.718936,1.2,847.3,1016.76,1.54,中低
成都锂享,盾创,德阳丽阳天下站,DC7210805LH24010839,5,104.388443,31.108692,1,120,120,0.33,中低
成都锂享,盾创,新都区繁清路67号九号电动车1号柜,DC7210810LH24061309,10,104.012727,30.8736,1,1681.6,1681.6,3.35,中高
成都锂享,盾创,郫都成灌东路283号爱玛乐行电车1号柜,DC7210810LH24061307,10,103.898294,30.81119,1,645.7,645.7,1.35,中低
成都锂享,盾创,郫都区福粮路273号站2号柜,DC7210810LH24061301,10,103.989838,30.73608,1.2,1421,1705.2,2.26,中
成都锂享,盾创,中海国际沃尔玛入口旁换电站1号柜,DC7210810LH24061310,10,103.979634,30.722238,1.2,3064.5,3677.4,6.23,特高
成都锂享,盾创,北城天街9号附2号双师车行1号柜,DC7210810LH24061308,10,104.067975,30.707668,1.2,2782.4,3338.88,4.62,高
成都锂享,盾创,武青北路76-3号宋氏电瓶1号柜,DC7210810LH24061302,10,103.97759,30.660469,1.2,1091.6,1309.92,1.95,中低
成都锂享,盾创,双流区万东路484号九号电动车1号柜,DC7210810LH24061306,10,104.09028,30.490168,1.2,801,961.2,1.55,中低
成都锂享,盾创,富民路二段64号店小二电动车1号柜,DC7210810LH24061303,10,104.061723,30.509629,1.2,914.5,1097.4,1.63,中低
成都锂享,盾创,眉山市东坡区东柒街106号站1号柜,DC7210810LH24061305,10,103.842452,30.043329,1.2,322.4,386.88,0.26,中低
成都锂享,盾创,青羊区光华南三路89号星立方站1号柜,DC7210810LH24061304,10,103.962448,30.664401,1.2,1511.5,1813.8,2.29,中
成都锂享,盾创,青羊区观玺台站2号柜,DC7210810LH24012777,10,103.973662,30.67856,1.2,2508.8,3010.56,4.31,高
成都锂享,盾创,新都区石板滩王师电动车,DC7210810LH24012726,10,104.270434,30.727034,1.2,3449.3,4139.16,5.44,特高
成都锂享,盾创,天府机场旁天天洗车换电站1号柜,DC7210805LH24010841,5,104.404899,30.313074,1,82,82,0.3,中低
成都锂享,盾创,锦里西路90号附8号向日车服1号柜,DC7210810LH24112397,10,104.046361,30.65598,1.2,385.9,463.08,0.68,中低
成都锂享,盾创,锦江区菱窠路637号启程车行1号柜,DC7210810LH24112398,10,104.128308,30.610718,1.2,1706.5,2047.8,2.69,中
成都锂享,盾创,一环路北三段68-7号林师车行1号柜,DC7210810LH24112394,10,104.079226,30.683681,1,983.8,983.8,1.47,中低
成都锂享,盾创,临港路四段200号玫瑰之约1号柜,DC7210810LH24112378,10,104.001692,30.571692,1,1233.7,1233.7,2.31,中
成都锂享,盾创,温江区亚洲湾西熙里步行街站1号柜,DC7210810LH24112395,10,103.884876,30.683847,1.2,1789.4,2147.28,3.25,中高
成都锂享,盾创,成华区建材路217号九号电动车1号柜,DC7210810LH24112399,10,104.139273,30.64566,1.2,2138.9,2566.68,4.16,高
成都锂享,盾创,龙泉友谊路438号超威电池1号柜,DC7210810LH24112400,10,104.172421,30.657119,1.2,1940,2328,3.43,中高
成都锂享,盾创,龙泉阳光城小牛电动1号柜,DC7210810LH24112393,10,104.293428,30.607421,1.2,670,804,0.94,中低
成都锂享,盾创,龙泉西河台铃电动车1号柜,DC7210810LH24112372,10,104.264233,30.645494,1,1691.2,1691.2,2.59,中
成都锂享,盾创,二环路南一段3号附3号车友车行1号柜,DC7210810LH24112369,10,104.082646,30.62077,1.2,1108.5,1330.2,1.75,中低
成都锂享,盾创,高新区新通大道59号台铃电动车1号柜,DC7210810LH24112379,10,104.083215,30.523576,1,1699.7,1699.7,2.44,中
成都锂享,盾创,温江区隆平路760号爱玛1号柜,DC7210810LH24112377,10,103.905138,30.71348,1.2,1682.6,2019.12,3.29,中高
成都锂享,盾创,武侯区兆景路510号胜鑫车行1号柜,DC7210810LH24112371,10,103.987075,30.621778,1.2,1843.5,2212.2,2.86,中
成都锂享,盾创,青白江英祥商业广场,DC7210810LH24112370,10,104.262108,30.891236,1,876.9,876.9,1.48,中低
成都锂享,盾创,温江区江宁南路1142号杨师修车行1号柜,DC7210810LH24112374,10,103.823186,30.725992,1.2,973.4,1168.08,1.42,中低
成都锂享,盾创,郫都天润路801号电骑优品1号柜,DC7210810LH24112373,10,103.928329,30.758104,1.2,963.9,1156.68,1.64,中低
成都锂享,盾创,都江堰彩虹大道南段196号小胖电驱1号柜,DC7210810LH24112396,10,103.650844,30.981347,1.1,74.5,81.95,0.1,中低
成都锂享,盾创,都江堰鑫玉大道47号专业修车1号柜,DC7210810LH24112392,10,103.603636,30.974189,1.1,130.1,143.11,0.18,中低
成都锂享,盾创,青白江区一心街16号伟业建材1号柜,DC7210810LH24112391,10,104.285397,30.873568,1,648.5,648.5,0.88,中低
成都锂享,盾创,新都区二江路122号雅迪1号柜,DC7210810LH25010132,10,104.140067,30.781508,1,1289.3,1289.3,2.29,中
成都锂享,盾创,双流区东寺南一路18号站1号柜,DC7210810LH25010111,10,104.073783,30.499209,1,810.6,810.6,1.49,中低
成都锂享,盾创,温江区长安路62号九号电动车1号柜,DC7210810LH25010129,10,103.849724,30.700186,1,301.8,301.8,0.58,中低
成都锂享,盾创,郫都安靖东风路56号雅迪电动车1号柜,DC7210810LH25010119,10,104.019717,30.766545,1,658,658,1.02,中低
成都锂享,盾创,新都区宝光大道绿佳电动车1号柜,DC7210810LH25010140,10,104.151003,30.821512,1,762.7,762.7,1.33,中低
成都锂享,盾创,龙泉驿北泉路极核电动车1号柜,DC7210810LH25010115,10,104.245189,30.569965,1.2,2769.2,3323.04,4.63,高
成都锂享,盾创,龙泉驿区驿都中路318号驿都幼儿园1号柜,DC7210810LH25010121,10,104.24835,30.564859,1,2113.3,2113.3,3.82,中高
成都锂享,盾创,锦江区马家沟142号超威电池1号柜,DC7210810LH25010131,10,104.115461,30.624769,1.1,1584.2,1742.62,2.6,中
成都锂享,盾创,金牛区成华街3号附4号骑手换电站1号柜,DC7210810LH25010130,10,104.074332,30.682266,1.2,0,0,,低
成都锂享,盾创,成华星星充电荣盛香榭兰庭充电站,DC7210810LH25010149,10,104.134054,30.624145,1.2,1097.2,1316.64,1.83,中低
成都锂享,盾创,龙泉驿鲸龙路九号电动车1号柜,DC7210810LH25010107,10,104.248232,30.535229,1.2,1505,1806,2.47,中
成都锂享,盾创,双流腾飞一路208号超威电池1号柜,DC7210810LH25010112,10,103.970037,30.531653,1,879.1,879.1,1.9,中低
成都锂享,盾创,大丰镇华美街30-40号骑手之家1号柜,DC7210810LH25010114,10,104.056154,30.768783,1,1753.1,1753.1,2.68,中
成都锂享,盾创,红光路北一段小陈修车行1号柜,DC7210810LH25010113,10,103.947979,30.78369,1.2,1609.6,1931.52,3.22,中高
成都锂享,盾创,青白江华金大道三段45号极核电动1号柜,DC7210810LH25010101,10,104.272129,30.882346,1,711.5,711.5,1.06,中低
成都锂享,盾创,金牛区花径路92号维修电动车1号柜,DC7210810LH25010116,10,104.072199,30.706115,1,845.4,845.4,1.25,中低
成都锂享,盾创,新都区诚信路456号MAZ电摩1号柜,DC7210810LH25010137,10,104.076795,30.752983,1,2385.2,2385.2,4.45,高
成都锂享,盾创,双流区锦和东二街386号1号柜,DC7210810LH25010103,10,104.095978,30.52036,1,1875.1,1875.1,3.44,中高
成都锂享,盾创,温江清泉北街6号极核电动车1号柜,DC7210810LH24112376,10,103.878632,30.679548,1,1642,1642,2.8,中
成都锂享,盾创,锦江区锦绣大道3702号九号电动车1号柜,DC7210810LH25010147,10,104.129472,30.611834,1.1,718.3,790.13,1.17,中低
成都锂享,盾创,双流区梓州大道7551号幸福驿站1号柜,DC7210810LH25010120,10,104.082357,30.489855,1.1,2463.9,2710.29,4.55,高
成都锂享,盾创,郫都区安德镇哈啰电动车1号柜,DC7210810LH25010241,10,103.808141,30.871583,1,990.7,990.7,1.7,中低
成都锂享,盾创,新都区正因北街东一巷22号站1号柜,DC7210810LH25010239,10,104.18942,30.824875,1,2206,2206,2.91,中
成都锂享,盾创,郫都区上河街141号爱玛电动车1号柜,DC7210810LH25010238,10,103.982861,30.816144,1,774.8,774.8,1.44,中低
成都锂享,盾创,新都区晓初滨河路426号天能电池1号柜,DC7210810LH25010244,10,104.042786,30.756415,1,1035.4,1035.4,1.56,中低
成都锂享,盾创,九号电动车(百草路店)1号柜,DC7210810LH25010248,10,103.97246,30.738969,1,1492,1492,2.64,中
成都锂享,盾创,新都区通力路624号文俊电摩工坊1号柜,DC7210810LH25010247,10,104.071032,30.754358,1,2197.9,2197.9,3.59,中高
成都锂享,盾创,温江区学府路北段123号骑顺车行1号柜,DC7210810LH25010232,10,103.810069,30.691179,1,2278,2278,3.91,中高
成都锂享,盾创,龙泉驿区怡和北街60号兴思名车行1号柜,DC7210810LH25010245,10,104.25112,30.573347,1,2587.2,2587.2,4.48,高
成都锂享,盾创,九里提中路303号KJ电社1号柜,DC7210810LH25010234,10,104.056552,30.703007,1.1,586.3,644.93,1.09,中低
成都锂享,盾创,双流区荷塘北路16号TY电驱1号柜,DC7210810LH25010242,10,103.924637,30.564438,1,832.5,832.5,1.37,中低
成都锂享,盾创,双流兴隆正街九号电动车1号柜,DC7210810LH25010237,10,104.105814,30.419489,1,1542.8,1542.8,3.24,中高
成都锂享,盾创,双流区保水街14号超级站1号柜,DC7210810LH25010236,10,104.106039,30.414743,1,1477,1477,2.55,中
成都锂享,盾创,彭州市牡丹北路东段牡丹北巷22号站1号柜,DC7210810LH25010231,10,103.967921,30.99188,1,71.6,71.6,0.17,中低
成都锂享,盾创,彭州市朝阳南路新蕾电动车1号柜,DC7210810LH25010243,10,103.947531,30.974579,1,443.2,443.2,0.48,中低
成都锂享,盾创,成都市青羊区瑞联路175号站1号柜,DC7210810LH25010250,10,103.991493,30.667969,1,520.1,520.1,0.85,中低
成都锂享,盾创,二仙桥东路15号附66号骑侠驿站1号柜,DC7210810LH25010235,10,104.135038,30.67568,1,673.6,673.6,1.12,中低
成都锂享,盾创,崇州市永和大道66号巨龙电动车1号柜,DC7210810LH25010233,10,103.773118,30.63589,1,532.6,532.6,0.92,中低
成都锂享,盾创,双流区元秀路1375号上海建设电动车1号柜,DC7210810LH25010246,10,104.015799,30.525906,1.2,1577.2,1892.64,3.1,中高
成都锂享,盾创,崇州市羊马镇观新街2号九号电动车1号柜,DC7210810LH25010267,10,103.744691,30.663296,1,321.4,321.4,0.48,中低
成都锂享,盾创,郫都区科化北路399号蜀都万达超级站1号柜,DC7210810LH25010265,10,103.908983,30.805628,1,3544.1,3544.1,6.16,特高
成都锂享,盾创,武侯区聚龙路988号武侯万达超级站1号柜,DC7210810LH25010273,10,104.000526,30.619748,1,1050.8,1050.8,1.51,中低
成都锂享,盾创,锦江区牛沙横街59号电动车维修部1号柜,DC7210810LH25010269,10,104.102267,30.627111,1,452.9,452.9,0.68,中低
成都锂享,盾创,青白江区城厢镇光明修车店1号柜,DC7210810LH25010268,10,104.327892,30.85928,1,918,918,1.63,中低
成都锂享,盾创,新津区花源大道555号站,DC7210810LH25010275,10,103.881592,30.468613,1,394.5,394.5,0.54,中低
成都锂享,盾创,双流河池路环宇出行1号柜,DC7210810LH25010264,10,104.04843,30.516379,1,1027.7,1027.7,1.97,中低
成都锂享,盾创,锦江区经华南路29号九号电动车1号柜,DC7210810LH25010280,10,104.105051,30.643254,1.2,1441.5,1729.8,2.07,中
成都锂享,盾创,双流区沈阳路西段517号站1号柜,DC7210810LH25010240,10,104.035197,30.473908,0.9,1864.7,1678.23,3.43,中高
成都锂享,盾创,天府新区科学城地铁站公厕站点1号柜,DC7210810LH25010270,10,104.07188,30.390965,0.9,1900.6,1710.54,3.89,中高
成都锂享,盾创,郫都区时代天街电斯基充电站1号柜,DC7210810LH25010293,10,103.91979,30.751528,1,2197.3,2197.3,3.37,中高
成都锂享,盾创,龙泉驿区东山国际站1号柜,DC7210810LH25010283,10,104.256499,30.536318,1,457,457,0.75,中低
成都锂享,盾创,温江区金科天宸A区站1号柜,DC7210810LH25010300,10,103.881751,30.667287,1,445.1,445.1,0.7,中低
成都锂享,盾创,二环路西一段84号双楠天都站1号柜,DC7210810LH25010295,10,104.027678,30.640952,1,1399,1399,2.06,中
成都锂享,盾创,双流区川大路三段266号文星花园南门换电站1号柜,DC7210810LH25010287,10,103.984802,30.55054,1,2551.9,2551.9,4.33,高
成都锂享,盾创,双流区华府大道三段洲际华府广场换电站1号柜,DC7210810LH25010297,10,104.019483,30.487649,1,2389.5,2389.5,4.15,高
成都锂享,盾创,成都市青羊区同善桥南街8号换电站1号柜,DC7210810LH25010298,10,104.024697,30.681642,1,442.3,442.3,0.55,中低
成都锂享,盾创,十陵上龙门换电站1号柜,DC7210810LH25010296,10,104.165143,30.648864,1,1879.7,1879.7,3.32,中高
成都锂享,盾创,金堂县九九租车站1号柜,DC7210810LH25010282,10,104.460079,30.8537,1,1280.1,1280.1,1.75,中低
成都锂享,盾创,青白江祥福西街83号站1号柜,DC7210810LH25010292,10,104.28168,30.821135,1,414.8,414.8,0.64,中低
成都6060,三栈,新街里,SZ41000056,10,104.054932,30.592355,1.2,156311.6667,187574,2.39,中
成都6060,三栈,成都华阳菜蔬一街,SZ41000055,10,104.055988,30.516212,1.1,19463,21409.3,0.71,中低
成都6060,三栈,复城国际2,SZ41000059,10,104.055097,30.548938,0.9,54474,49026.6,1.25,中低
成都6060,三栈,青白江大弯德通心愿城站,SZ41000045,12,104.272187,30.88222,1.2,27038,32445.6,1.84,中低
成都6060,三栈,蛟龙港站,SZ41000060,10,103.905823,30.611048,1,8939,8939,0.84,中低
成都6060,三栈,凯旋广场站2,SZ41000053,10,104.064952,30.544672,1.2,15712.5,18855,1.41,中低
成都6060,三栈,永丰立交站,SZ41000054,10,104.048328,30.623893,1.2,9062,10874.4,0.86,中低
成都6060,三栈,中海右岸,SZ41000048,12,104.023695,30.494306,1.2,10781,12937.2,0.87,中低
成都6060,三栈,大源站,SZ41000049,12,104.031346,30.553155,1.2,8938,10725.6,1.19,中低
成都6060,三栈,大源南华路站,SZ41000057,10,104.036737,30.557283,1.2,9740,11688,1.45,中低
成都6060,三栈,雍锦阁站,SZ41000051,10,104.119318,30.672396,0.85,4260,3621,0.16,中低
成都6060,三栈,青白江步行街站2号柜,RRHD0800000123,8,104.267984,30.876726,0,0,0,0.36,中低
成都6060,三栈,布鲁明顿041柜,SZ41000041,12,104.060747,30.585691,0.88,88307.75,77710.82,2.39,中
成都6060,三栈,布鲁明顿,SZ41000044,12,104.061409,30.585534,0.88,88307.75,77710.82,1.4,中低
成都6060,三栈,机场路骑士郡雅迪站,SZ41000047,12,103.997227,30.575173,1.1,5872,6459.2,0.63,中低
成都6060,三栈,中和小刀电动车,SZ41000050,12,104.092815,30.561596,1.2,9525,11430,0.84,中低
成都6060,三栈,复城国际1,SZ41000046,12,104.054913,30.548907,0.9,54474,49026.6,0.73,中低
成都6060,三栈,凯旋广场1,SZ41000043,12,104.064952,30.544672,1.2,15712.5,18855,0.2,中低
成都6060,三栈,桐梓林站,SZ41000058,10,104.061528,30.616202,1,62471,62471,0.8,中低
成都6060,三栈,青白江英祥北城映像,SZ41000052,10,104.262057,30.891432,1.1,19288,21216.8,2.06,中
成都6060,三栈,锦城广场站,SZ41000042,8,104.060535,30.576021,1.2,6660,7992,2.99,中
成都6060,三栈,青白江祥福中街218号,SZ41000074,10,104.281083,30.820586,1,12826,12826,1.26,中低
成都6060,三栈,青白江城厢李师车行（天能电池）,SZ41000072,10,104.321845,30.861053,1.2,21234,25480.8,1.94,中低
成都6060,三栈,青白江一心街站,SZ41000071,10,104.285311,30.873624,1,13933,13933,1.63,中低
成都6060,三栈,青白江华金大道台铃（享换电60V-72V电池通用）,SZ41000073,10,104.244638,30.883089,1.2,19074,22888.8,1.51,中低
成都6060,三栈,青白江英祥北城映像,SZ41000079,10,104.262092,30.891475,1.1,19288,21216.8,3.94,中高
成都6060,三栈,青白江石家碾东路站,SZ41000077,10,104.265083,30.884746,1.2,13000.5,15600.6,1.5,中低
成都6060,三栈,青白江九里场街站,SZ41000078,10,104.202445,30.880481,1.2,20008,24009.6,2.03,中
成都6060,享锂来,润和原筑271#柜,40000271,12,104.072616,30.598611,1.2,112829,135394.8,1.89,中低
成都6060,享锂来,新街里583#柜,40000583,12,104.055358,30.593102,1.2,156311.6667,187574,2.75,中
成都6060,享锂来,二江路站,40000314,12,104.067051,30.508321,1.2,70654,84784.8,0.5,中低
成都6060,享锂来,润和原筑139号柜,40000139,12,104.072385,30.598608,1.2,112829,135394.8,1.04,中低
成都6060,享锂来,石羊场站,40000162,12,104.04023,30.577505,1.2,138253.3333,165904,1.61,中低
成都6060,享锂来,石羊场站,40000204,12,104.040345,30.577548,1.2,138253.3333,165904,2.02,中
成都6060,享锂来,新街里313#柜,40000313,12,104.055438,30.593189,1.2,156311.6667,187574,2.8,中
成都6060,享锂来,福锦路魔电站,40000352,12,103.993494,30.61128,1,8420,8420,0.13,中低
成都6060,享锂来,布鲁明顿站,40000430,12,104.061215,30.585506,0.88,88307.75,77710.82,1.17,中低
成都6060,享锂来,四美科技站点,40000586,12,103.934987,30.805998,0,0,0,0.02,中低
成都6060,享锂来,成都双流紫东阁店,40000172,12,103.929868,30.576986,1.2,12227,14672.4,0.51,中低
成都6060,享锂来,伏龙小区1站,40000575,12,104.055941,30.5318,1.2,22097,26516.4,0.89,中低
成都6060,享锂来,伏龙小区1站,40000418,12,104.055906,30.531846,1.2,22097,26516.4,0.85,中低
成都6060,享锂来,伏龙小区1站,40000438,12,104.0558,30.531867,1.2,22097,26516.4,0.81,中低
成都6060,享锂来,布鲁明顿站,40000524,12,104.060822,30.585312,0.88,88307.75,77710.82,3.68,中高
成都6060,享锂来,石羊场站,40000429,12,104.040166,30.577241,1.2,138253.3333,165904,2.38,中
成都6060,享锂来,青白江石家碾东路站（60V专用）,40000344,6,104.265303,30.884775,1.2,13000.5,15600.6,0.04,中低
成都6060,享锂来,银木街站,40000340,6,104.152492,30.59739,1.2,36242,43490.4,0.51,中低
